Customer Name,Purchase Date,Product Category,Sale,Quantity,Discount Applied,Purchase Year,Purchase Month,Purchase Day
Tamara Mcclain,2025-03-19,Electronics,119.51,5,False,2025,3,2
Amanda Pierce,2025-04-19,Books,265.4,7,True,2025,4,5
Dana Greene,2025-02-25,Books,247.47,3,True,2025,2,1
Kevin Collins,2025-03-01,Electronics,17.54,1,False,2025,3,5
Karen Good,2025-02-24,Books,162.84,6,False,2025,2,0
Linda Rivera,2025-02-18,Groceries,153.45,10,False,2025,2,1
Nathan Anderson,2025-05-13,Books,248.33,5,True,2025,5,1
Wyatt Kim,2025-04-03,Electronics,182.78,2,True,2025,4,3
Charlene King,2025-02-08,Books,157.53,9,True,2025,2,5
Mary Smith,2025-01-17,Books,394.01,4,False,2025,1,4
Christina Morales,2025-01-22,Books,47.36,1,False,2025,1,2
Joel Harper,2025-04-11,Groceries,268.97,5,True,2025,4,4
Jane Henderson,2025-03-06,Electronics,94.49,7,True,2025,3,3
Nicole Crawford,2025-06-01,Books,129.69,7,True,2025,6,6
Jacqueline Sullivan,2025-03-02,Electronics,245.71,8,True,2025,3,6
Justin Carrillo IV,2025-01-30,Electronics,160.11,8,False,2025,1,3
Gregory Burns,2025-01-06,Groceries,48.18,4,False,2025,1,0
Kristina Cole,2025-01-30,Electronics,78.91,3,False,2025,1,3
Anna Thompson,2025-03-17,Electronics,22.46,9,True,2025,3,0
Cory Moore,2025-05-10,Electronics,52.91,10,False,2025,5,5
Joseph Cunningham,2025-05-05,Clothing,400.84,6,False,2025,5,0
David Williams,2025-01-05,Clothing,117.89,4,False,2025,1,6
Anthony Porter,2025-05-30,Groceries,453.7,3,False,2025,5,4
Stephen Carr,2025-01-09,Groceries,406.37,9,False,2025,1,3
Isabella Mendoza,2025-01-08,Clothing,238.92,4,False,2025,1,2
Christine Williamson,2025-01-26,Electronics,255.53,8,False,2025,1,6
Jeffrey George,2025-05-21,Groceries,330.06,6,False,2025,5,2
Daniel Velazquez,2025-04-27,Books,66.13,8,False,2025,4,6
Nicholas Johnson,2025-02-25,Books,305.62,6,False,2025,2,1
Amy Spears,2025-03-03,Books,305.15,2,True,2025,3,0
Marissa Baker,2025-02-04,Books,493.13,4,False,2025,2,1
Taylor Alvarez,2025-01-01,Electronics,385.8,4,False,2025,1,2
Kyle Boyd,2025-01-24,Clothing,57.96,10,False,2025,1,4
Matthew Jackson,2025-03-26,Clothing,92.98,2,True,2025,3,2
Brad Foster,2025-03-30,Books,29.93,8,False,2025,3,6
Patrick Solis,2025-05-24,Clothing,7.2,2,False,2025,5,5
Emily Martinez,2025-04-30,Clothing,363.38,3,False,2025,4,2
Adam Torres,2025-05-22,Groceries,399.41,8,True,2025,5,3
Catherine Singh,2025-05-12,Electronics,109.79,4,True,2025,5,0
Benjamin Brooks,2025-01-30,Electronics,471.55,2,True,2025,1,3
Adam Gutierrez,2025-01-14,Electronics,213.98,5,False,2025,1,1
Stephanie Martin,2025-03-07,Clothing,172.68,8,True,2025,3,4
Jeffery Santiago,2025-05-17,Electronics,397.74,6,True,2025,5,5
Natalie Bradley,2025-05-03,Electronics,474.58,10,False,2025,5,5
Robert Montes,2025-01-07,Clothing,113.97,5,False,2025,1,1
Mary Chambers,2025-03-29,Groceries,267.21,5,False,2025,3,5
Eric Patel,2025-05-10,Electronics,464.85,4,True,2025,5,5
Dr. Tracy Perez,2025-03-06,Electronics,79.44,4,False,2025,3,3
Gerald Yang,2025-05-22,Electronics,480.59,3,False,2025,5,3
Darren Kemp,2025-04-05,Books,323.15,4,True,2025,4,5
Danny Wilkinson,2025-03-20,Groceries,451.09,8,True,2025,3,3
Christopher Brooks,2025-04-27,Groceries,410.74,2,False,2025,4,6
Elizabeth Armstrong,2025-05-22,Electronics,57.13,10,True,2025,5,3
Lindsey Dougherty,2025-01-14,Books,75.54,3,False,2025,1,1
Patrick Goodman,2025-04-03,Groceries,135.43,1,False,2025,4,3
Ian Harris,2025-04-13,Clothing,27.24,5,True,2025,4,6
Wesley Thompson,2025-02-09,Books,31.87,6,False,2025,2,6
Joseph Allen,2025-01-19,Electronics,467.47,9,False,2025,1,6
Lisa Powell,2025-02-18,Clothing,399.39,8,True,2025,2,1
Deborah Rodriguez,2025-01-01,Groceries,120.28,8,False,2025,1,2
Sean Reese,2025-04-18,Books,369.83,5,True,2025,4,4
Chad Young,2025-05-21,Electronics,74.29,8,False,2025,5,2
Dylan Moody,2025-01-05,Electronics,182.71,6,False,2025,1,6
Christina Ramirez,2025-02-15,Clothing,126.64,6,True,2025,2,5
Eric Jones,2025-04-30,Books,418.92,4,False,2025,4,2
Jeremy Gallagher,2025-01-17,Clothing,445.66,8,True,2025,1,4
Mrs. Jessica Floyd,2025-04-09,Clothing,252.96,3,True,2025,4,2
Michael Cannon,2025-03-14,Clothing,203.46,6,True,2025,3,4
Suzanne Macias,2025-02-20,Electronics,344.99,4,True,2025,2,3
Dr. Randy Price,2025-01-16,Books,268.45,9,True,2025,1,3
Keith Lewis,2025-03-05,Clothing,51.12,9,True,2025,3,2
Kathryn Moyer,2025-01-13,Books,424.75,2,False,2025,1,0
David Shields,2025-03-17,Books,364.39,1,False,2025,3,0
Melissa Meza,2025-02-20,Groceries,337.45,5,True,2025,2,3
Keith Reed,2025-03-14,Clothing,308.7,4,True,2025,3,4
Brian Nixon,2025-05-19,Groceries,66.19,2,True,2025,5,0
Dean Thornton,2025-03-16,Groceries,433.95,8,True,2025,3,6
Katie Smith,2025-03-20,Clothing,425.47,6,False,2025,3,3
Jody Perez,2025-03-23,Clothing,58.24,6,True,2025,3,6
Laura Lang,2025-03-02,Groceries,249.42,9,True,2025,3,6
Keith Lowe,2025-01-21,Groceries,170.9,3,True,2025,1,1
Patricia Sparks,2025-02-16,Books,428.51,3,True,2025,2,6
Joseph Smith,2025-04-06,Books,72.0,9,True,2025,4,6
Curtis Morrow,2025-05-18,Clothing,35.22,5,False,2025,5,6
David Wright,2025-05-07,Clothing,300.77,3,True,2025,5,2
Casey Smith,2025-01-25,Books,213.47,3,False,2025,1,5
Carla Camacho,2025-01-12,Electronics,110.59,7,True,2025,1,6
Shawn Velazquez,2025-02-10,Clothing,112.92,4,True,2025,2,0
Priscilla Higgins,2025-01-21,Books,147.29,7,False,2025,1,1
Elizabeth Jackson,2025-01-10,Electronics,389.0,8,True,2025,1,4
Gregory Diaz,2025-01-14,Clothing,325.53,6,False,2025,1,1
Christian Hall,2025-05-06,Books,263.75,4,False,2025,5,1
Brian Bentley,2025-05-19,Clothing,72.59,10,True,2025,5,0
Andrea Mcdaniel,2025-05-30,Books,402.34,9,True,2025,5,4
Jake Newton,2025-03-28,Electronics,16.98,9,True,2025,3,4
Tracy Murphy,2025-04-03,Books,200.58,7,True,2025,4,3
Thomas Morton,2025-05-13,Books,178.94,5,False,2025,5,1
Jaime Johnson,2025-02-23,Electronics,172.53,4,False,2025,2,6
Alexander Lucas,2025-01-29,Groceries,139.6,8,False,2025,1,2
Jose Ball,2025-03-19,Electronics,150.47,1,False,2025,3,2
Peter Rogers,2025-04-24,Clothing,71.3,8,True,2025,4,3
Diamond Stafford,2025-05-21,Books,101.45,4,True,2025,5,2
John Duffy,2025-05-16,Groceries,305.24,4,False,2025,5,4
Craig Brown,2025-05-11,Clothing,230.3,2,False,2025,5,6
Christopher Stark,2025-02-14,Electronics,106.56,3,True,2025,2,4
Lauren Wheeler,2025-01-23,Groceries,294.07,1,True,2025,1,3
Michael Perry,2025-01-04,Clothing,332.75,3,True,2025,1,5
Dawn Watson,2025-03-02,Books,10.5,1,True,2025,3,6
Daniel Thomas,2025-02-11,Books,84.85,4,False,2025,2,1
Brian Pena,2025-01-23,Clothing,445.74,3,True,2025,1,3
Max Thomas,2025-01-02,Electronics,458.76,8,True,2025,1,3
Thomas Sandoval,2025-02-28,Books,72.55,1,True,2025,2,4
Emily Skinner,2025-03-10,Books,138.23,10,True,2025,3,0
Sean Glover,2025-05-13,Electronics,180.35,3,False,2025,5,1
Megan Moore,2025-04-19,Electronics,358.84,1,False,2025,4,5
Lori Sanchez,2025-05-24,Groceries,369.54,9,True,2025,5,5
Caleb Bennett,2025-03-10,Electronics,307.69,7,True,2025,3,0
Joseph Williams,2025-01-15,Clothing,226.12,8,True,2025,1,2
Carla Rogers,2025-04-27,Clothing,283.93,3,False,2025,4,6
Lee Cole,2025-04-02,Clothing,55.62,3,True,2025,4,2
Christina Hogan,2025-02-10,Books,471.26,1,True,2025,2,0
Amanda Smith,2025-05-07,Clothing,431.04,1,True,2025,5,2
Cody Perry,2025-04-02,Clothing,418.75,3,False,2025,4,2
Amy Charles,2025-01-03,Groceries,135.0,2,True,2025,1,4
Daniel Kemp,2025-06-01,Groceries,236.76,7,True,2025,6,6
Zachary Stevens,2025-02-22,Clothing,141.18,2,True,2025,2,5
Leslie Cain,2025-05-12,Clothing,56.19,1,True,2025,5,0
Amy Arellano,2025-01-21,Clothing,220.37,7,True,2025,1,1
Brianna Melton,2025-06-01,Groceries,498.61,7,True,2025,6,6
Gabriel Garcia,2025-03-01,Books,31.24,9,True,2025,3,5
Sharon Johnson,2025-01-02,Books,22.87,5,False,2025,1,3
Robert Kennedy,2025-04-01,Books,134.34,7,True,2025,4,1
Adam Wilson,2025-03-28,Books,298.8,3,True,2025,3,4
William Smith,2025-05-09,Clothing,81.36,9,True,2025,5,4
Angela Smith,2025-04-22,Electronics,387.83,10,True,2025,4,1
Kevin Francis,2025-05-01,Clothing,385.03,2,True,2025,5,3
Katherine Elliott,2025-03-12,Books,220.09,1,True,2025,3,2
Richard Flores,2025-04-07,Electronics,281.85,6,True,2025,4,0
Parker Brown,2025-02-01,Electronics,317.87,4,False,2025,2,5
Jessica Myers,2025-01-19,Clothing,232.98,5,True,2025,1,6
Margaret Aguirre,2025-03-15,Groceries,469.06,6,True,2025,3,5
Jennifer Smith,2025-03-25,Books,209.66,3,True,2025,3,1
Sarah Barnes,2025-02-20,Electronics,373.36,5,False,2025,2,3
Anthony Dominguez,2025-02-08,Electronics,259.65,4,True,2025,2,5
Michael Stanton,2025-01-23,Groceries,148.19,9,True,2025,1,3
Kimberly Cervantes,2025-01-19,Books,21.75,10,False,2025,1,6
Joseph Williams,2025-04-16,Electronics,477.72,6,True,2025,4,2
Heather Pierce,2025-03-18,Electronics,286.59,9,False,2025,3,1
Tommy Anderson,2025-03-08,Clothing,263.08,9,True,2025,3,5
Kenneth Peters,2025-04-07,Electronics,109.46,6,True,2025,4,0
James Jones,2025-01-10,Electronics,358.09,10,True,2025,1,4
Peter Hanson,2025-02-12,Clothing,62.95,7,False,2025,2,2
Anna Evans,2025-01-04,Groceries,63.14,1,True,2025,1,5
Desiree Maldonado,2025-03-10,Electronics,205.15,3,False,2025,3,0
Kathleen Allen,2025-03-19,Clothing,285.47,3,True,2025,3,2
Nicole Wallace,2025-03-31,Books,15.45,8,True,2025,3,0
Lisa Padilla,2025-03-11,Books,152.18,5,False,2025,3,1
Samuel Caldwell,2025-05-10,Electronics,351.94,4,True,2025,5,5
Tyler Lewis,2025-03-21,Books,159.81,5,True,2025,3,4
Jennifer Watts,2025-03-03,Electronics,393.45,10,True,2025,3,0
Kenneth Cole,2025-02-25,Electronics,85.01,10,True,2025,2,1
Andrew Davis,2025-04-14,Groceries,494.5,6,True,2025,4,0
Matthew Singh,2025-01-23,Groceries,228.79,4,True,2025,1,3
Martha Johnson,2025-05-04,Groceries,401.21,2,True,2025,5,6
Thomas Adams,2025-05-29,Clothing,95.18,2,False,2025,5,3
Stephen Chen,2025-01-08,Books,127.68,1,False,2025,1,2
Sandra Nichols,2025-01-24,Groceries,96.0,7,False,2025,1,4
Linda Zuniga,2025-01-21,Electronics,440.57,5,False,2025,1,1
Thomas Lewis,2025-05-04,Clothing,407.42,2,False,2025,5,6
Nicholas Mcgee,2025-03-28,Clothing,51.79,8,False,2025,3,4
Yolanda Moran,2025-05-07,Electronics,435.71,7,False,2025,5,2
Rachel Miller DDS,2025-03-07,Electronics,35.45,3,True,2025,3,4
Kayla Banks,2025-04-01,Electronics,91.29,1,True,2025,4,1
Ricky Williams,2025-01-28,Electronics,368.89,6,False,2025,1,1
Jessica Foster,2025-04-07,Groceries,271.65,6,False,2025,4,0
Tara Juarez,2025-01-31,Electronics,494.32,10,False,2025,1,4
Pamela Rocha,2025-04-28,Clothing,493.04,1,False,2025,4,0
Dawn Cortez,2025-04-19,Electronics,123.54,7,False,2025,4,5
Jordan Williams,2025-01-01,Electronics,132.31,8,True,2025,1,2
Jesse Daugherty,2025-04-11,Clothing,315.27,5,True,2025,4,4
Gina Hodges,2025-03-03,Clothing,329.16,7,False,2025,3,0
Jake Grant,2025-02-14,Books,24.31,1,False,2025,2,4
Lynn Mejia,2025-05-01,Electronics,79.22,6,False,2025,5,3
Monica Davis,2025-01-12,Electronics,221.59,9,True,2025,1,6
Debra Nolan,2025-05-18,Books,323.38,7,True,2025,5,6
Nicholas Rice,2025-04-10,Electronics,343.02,4,False,2025,4,3
Carol Turner,2025-03-28,Clothing,51.25,6,True,2025,3,4
Ryan Herring,2025-02-09,Electronics,31.0,4,True,2025,2,6
Emily Butler,2025-02-02,Groceries,113.07,5,True,2025,2,6
Brian Massey,2025-02-17,Groceries,379.2,10,True,2025,2,0
Danielle Morgan,2025-01-15,Electronics,327.06,10,False,2025,1,2
Randy Wilson DDS,2025-04-06,Groceries,275.61,6,True,2025,4,6
Debbie Hendrix,2025-04-10,Books,144.07,4,True,2025,4,3
Ann Hayes,2025-05-21,Groceries,193.52,10,False,2025,5,2
Ann Schaefer,2025-04-29,Electronics,62.24,5,False,2025,4,1
Joseph Roberts,2025-05-22,Books,292.9,4,True,2025,5,3
Vincent Velasquez,2025-05-16,Electronics,165.01,4,False,2025,5,4
Shane Mcbride,2025-04-04,Clothing,480.48,5,True,2025,4,4
Jason Robles,2025-04-01,Groceries,436.53,8,False,2025,4,1
Daniel Hardy,2025-05-03,Books,374.07,6,False,2025,5,5
Audrey Cain,2025-03-28,Clothing,311.8,3,True,2025,3,4
Susan Melendez,2025-06-01,Clothing,302.04,5,True,2025,6,6
Nicole Watson,2025-01-17,Electronics,349.78,7,True,2025,1,4
Alec Miller,2025-03-03,Clothing,281.34,7,False,2025,3,0
Scott Campbell,2025-01-06,Clothing,170.38,9,True,2025,1,0
Ernest King,2025-03-01,Groceries,197.73,8,True,2025,3,5
Derek Rose,2025-06-02,Groceries,287.97,8,False,2025,6,0
Bruce Phillips,2025-01-06,Books,14.24,8,False,2025,1,0
Mike Morales,2025-02-01,Electronics,285.76,2,False,2025,2,5
Leonard Hamilton,2025-01-24,Clothing,482.82,2,False,2025,1,4
Eric Smith,2025-03-01,Clothing,356.99,2,True,2025,3,5
Robert Hall,2025-04-30,Electronics,469.4,5,True,2025,4,2
Suzanne Benson,2025-01-01,Groceries,75.85,10,False,2025,1,2
Kenneth Harmon,2025-03-22,Books,46.83,6,True,2025,3,5
Patricia Perez,2025-01-07,Clothing,72.54,2,True,2025,1,1
Jean Morgan,2025-01-09,Books,291.96,6,True,2025,1,3
Kevin Mclean,2025-03-28,Groceries,223.1,7,False,2025,3,4
Bradley Willis,2025-03-12,Books,489.75,9,False,2025,3,2
Robert Miller,2025-03-25,Groceries,184.24,4,True,2025,3,1
Ariel Dunn,2025-03-18,Electronics,391.97,6,True,2025,3,1
Debra Morris,2025-05-20,Clothing,283.02,4,False,2025,5,1
Megan Reynolds,2025-05-30,Books,37.97,5,True,2025,5,4
Christopher Gardner,2025-01-21,Groceries,352.97,4,False,2025,1,1
Mercedes Pruitt,2025-04-07,Books,472.47,7,True,2025,4,0
Maria Bishop,2025-02-14,Clothing,228.36,5,False,2025,2,4
Patricia Jones,2025-04-13,Groceries,134.69,2,True,2025,4,6
Susan Simon,2025-03-05,Books,296.89,8,False,2025,3,2
Ruth Howard,2025-01-05,Books,221.01,7,True,2025,1,6
James Brennan,2025-03-17,Books,142.21,9,False,2025,3,0
Cheryl Allison,2025-03-31,Clothing,186.41,7,False,2025,3,0
Timothy Thornton,2025-04-12,Books,38.15,5,True,2025,4,5
Erica Thomas,2025-02-06,Electronics,242.32,9,False,2025,2,3
Dr. Sharon Allen,2025-02-09,Electronics,411.48,3,True,2025,2,6
Luis Hernandez,2025-03-13,Electronics,272.45,2,False,2025,3,3
Andrew Hill,2025-03-25,Clothing,463.61,2,True,2025,3,1
James Rogers,2025-05-01,Electronics,202.83,4,True,2025,5,3
Debra Roman,2025-01-19,Electronics,130.31,7,False,2025,1,6
Rachel Soto,2025-02-28,Groceries,50.81,1,False,2025,2,4
Lori King,2025-03-17,Clothing,458.79,9,True,2025,3,0
Roger Johnson,2025-04-11,Groceries,310.3,3,True,2025,4,4
Olivia Newman,2025-02-24,Groceries,410.48,5,True,2025,2,0
Spencer Johnson,2025-05-02,Clothing,273.31,5,False,2025,5,4
Jason Stevens,2025-01-27,Groceries,67.15,3,False,2025,1,0
Veronica Chavez,2025-02-18,Groceries,147.77,6,True,2025,2,1
Molly Cruz,2025-02-07,Clothing,390.06,2,False,2025,2,4
James Dean,2025-02-09,Books,252.73,8,True,2025,2,6
Brandi Barton,2025-03-29,Clothing,114.28,10,False,2025,3,5
Sandra Allen,2025-04-23,Groceries,110.61,7,True,2025,4,2
Fred Joseph,2025-01-22,Groceries,357.63,8,True,2025,1,2
Jody Lynn,2025-01-26,Books,185.9,5,True,2025,1,6
Michele Reynolds,2025-05-11,Books,314.33,3,True,2025,5,6
Stephanie Owens,2025-02-26,Clothing,76.4,1,True,2025,2,2
Cory Lee,2025-03-15,Clothing,339.05,10,False,2025,3,5
Kimberly Swanson,2025-02-01,Groceries,294.8,6,False,2025,2,5
Michelle Hernandez,2025-05-21,Books,132.4,3,True,2025,5,2
Eddie Pace,2025-01-08,Clothing,270.17,6,False,2025,1,2
Curtis Johnson,2025-02-21,Groceries,299.57,7,True,2025,2,4
Alicia Carter,2025-01-18,Groceries,127.53,1,False,2025,1,5
Kristen Schaefer,2025-02-09,Books,419.01,7,True,2025,2,6
Rhonda Curry,2025-03-17,Groceries,19.75,4,False,2025,3,0
Susan Garcia,2025-01-23,Groceries,346.13,10,False,2025,1,3
Laurie Newman,2025-04-11,Clothing,256.62,5,True,2025,4,4
Mary Humphrey,2025-04-29,Electronics,476.76,6,True,2025,4,1
John Clark,2025-01-12,Books,334.09,5,False,2025,1,6
Abigail Thompson,2025-02-15,Groceries,148.77,5,False,2025,2,5
Nancy Hancock,2025-02-19,Groceries,489.75,7,False,2025,2,2
Jennifer Taylor,2025-03-02,Books,280.19,4,False,2025,3,6
John Smith,2025-01-07,Books,472.73,6,True,2025,1,1
Michael Smith,2025-04-28,Clothing,84.79,5,False,2025,4,0
Emma Miller,2025-03-29,Clothing,350.17,10,False,2025,3,5
Gregory Newman,2025-05-03,Clothing,335.65,10,True,2025,5,5
Tracy Carter,2025-03-25,Books,78.22,9,True,2025,3,1
Briana York,2025-03-24,Electronics,167.24,7,False,2025,3,0
James Miranda,2025-01-04,Books,52.29,8,True,2025,1,5
Courtney Jimenez,2025-01-21,Clothing,183.88,9,True,2025,1,1
Trevor Bell,2025-05-11,Books,182.05,9,False,2025,5,6
Jesus Cooper,2025-03-11,Books,267.03,9,False,2025,3,1
Shannon Martin,2025-02-22,Books,266.21,9,True,2025,2,5
Derek Spence,2025-04-23,Electronics,309.35,6,True,2025,4,2
Catherine Vega,2025-02-13,Books,298.62,10,False,2025,2,3
Leah Powers,2025-03-18,Books,52.87,8,True,2025,3,1
Bryan Strickland,2025-03-11,Books,327.34,5,True,2025,3,1
Kimberly Reid,2025-01-23,Clothing,288.01,2,True,2025,1,3
Andres Andrews,2025-03-27,Electronics,277.86,9,False,2025,3,3
Ashley Martinez,2025-05-22,Groceries,149.25,5,False,2025,5,3
Lori Stone,2025-03-15,Clothing,487.54,1,True,2025,3,5
Robert Nelson,2025-03-05,Groceries,241.46,3,False,2025,3,2
Mark Dunn,2025-01-11,Clothing,190.38,6,False,2025,1,5
Glenn Bruce,2025-05-24,Clothing,428.74,5,False,2025,5,5
Jeremy Price,2025-05-09,Books,379.96,4,False,2025,5,4
Maria Lopez,2025-04-20,Groceries,58.72,7,True,2025,4,6
Rebecca Stewart,2025-03-22,Electronics,119.22,9,False,2025,3,5
Richard Brown,2025-03-02,Groceries,124.69,6,True,2025,3,6
Sarah Robinson,2025-03-17,Electronics,305.99,2,True,2025,3,0
Dennis Jackson,2025-03-06,Books,187.73,6,True,2025,3,3
Traci Mitchell,2025-06-01,Electronics,66.97,4,True,2025,6,6
Laura Fletcher,2025-01-31,Books,124.13,4,False,2025,1,4
Dr. Brittany Torres,2025-04-13,Books,178.39,7,False,2025,4,6
Nicholas Powers,2025-03-19,Clothing,485.21,2,False,2025,3,2
Trevor Moore,2025-03-15,Groceries,428.82,4,False,2025,3,5
Edward Mitchell,2025-04-25,Electronics,230.9,3,False,2025,4,4
Brandon Gonzalez,2025-05-22,Groceries,108.64,1,True,2025,5,3
William Perez,2025-03-15,Electronics,178.38,8,True,2025,3,5
Samantha Wolf,2025-01-01,Groceries,82.21,10,False,2025,1,2
Michelle Crawford DVM,2025-02-21,Books,305.92,10,True,2025,2,4
Laura Castro,2025-02-09,Books,141.41,3,True,2025,2,6
Glen Black,2025-03-21,Electronics,336.09,10,False,2025,3,4
Jerry Anderson,2025-03-27,Books,472.42,8,True,2025,3,3
Victoria Sweeney,2025-05-22,Groceries,130.73,3,True,2025,5,3
Connie Scott,2025-05-12,Clothing,496.28,3,True,2025,5,0
Jay Bell,2025-01-23,Groceries,46.09,3,True,2025,1,3
Brian Perkins,2025-04-21,Electronics,23.18,8,True,2025,4,0
Vicki Scott,2025-02-01,Clothing,329.3,9,False,2025,2,5
Ryan Oconnor,2025-02-05,Clothing,171.39,8,True,2025,2,2
Allison Roberts,2025-01-07,Electronics,215.27,2,True,2025,1,1
John Rhodes,2025-03-05,Clothing,238.55,1,True,2025,3,2
Matthew Patterson,2025-02-02,Groceries,218.48,6,True,2025,2,6
Michael Mullins,2025-03-28,Clothing,244.43,8,False,2025,3,4
Walter Roberts,2025-05-05,Groceries,290.88,5,False,2025,5,0
Michael Manning,2025-05-20,Groceries,394.02,6,False,2025,5,1
Mr. Robert Smith DDS,2025-01-05,Books,202.15,4,False,2025,1,6
Jenny Little,2025-02-24,Electronics,357.64,10,False,2025,2,0
Daniel Robinson,2025-02-22,Electronics,66.97,8,False,2025,2,5
Kristina Harrell,2025-01-06,Books,240.52,9,False,2025,1,0
Lisa Brown,2025-01-20,Books,197.03,3,True,2025,1,0
Mr. Joshua Payne,2025-05-24,Electronics,459.62,7,False,2025,5,5
Eddie Graham,2025-02-12,Clothing,393.74,4,True,2025,2,2
Eric Baker,2025-05-30,Books,78.79,8,False,2025,5,4
Chelsea Mckay,2025-01-18,Books,299.88,10,True,2025,1,5
Autumn Williams,2025-04-02,Clothing,305.5,8,False,2025,4,2
Brittany Gomez,2025-04-14,Books,330.15,2,False,2025,4,0
Dakota Crane,2025-04-22,Books,268.4,10,True,2025,4,1
Adam Flores,2025-03-16,Groceries,62.46,3,True,2025,3,6
Craig Robbins,2025-05-23,Groceries,6.63,3,False,2025,5,4
Derrick Rodriguez,2025-05-17,Clothing,423.21,7,True,2025,5,5
Matthew Cardenas,2025-04-23,Groceries,460.01,2,False,2025,4,2
Whitney Rowe,2025-02-03,Books,477.62,2,False,2025,2,0
Ariana Hoffman,2025-03-11,Books,276.68,6,True,2025,3,1
Anthony Johnson,2025-04-28,Electronics,56.57,10,True,2025,4,0
Gregory Welch,2025-02-01,Clothing,489.51,4,True,2025,2,5
Stephanie Myers MD,2025-05-11,Groceries,141.25,8,True,2025,5,6
Brian Gonzalez,2025-05-06,Clothing,355.95,9,True,2025,5,1
Teresa Olson,2025-04-26,Clothing,217.86,3,True,2025,4,5
Zachary Johnson,2025-02-21,Groceries,171.01,9,False,2025,2,4
Daniel Moore,2025-01-30,Electronics,265.32,8,False,2025,1,3
Samantha Lang,2025-02-07,Books,257.11,7,True,2025,2,4
James Watkins,2025-03-07,Clothing,344.05,10,True,2025,3,4
Paige Winters,2025-05-07,Electronics,395.36,5,False,2025,5,2
Craig Nelson,2025-04-19,Clothing,62.21,10,True,2025,4,5
Jeremy Mckinney,2025-01-20,Groceries,200.16,7,True,2025,1,0
Jason Martinez,2025-05-28,Electronics,7.61,3,True,2025,5,2
Miguel Guerrero,2025-04-12,Clothing,236.45,5,False,2025,4,5
Michael Parker,2025-02-08,Clothing,203.83,7,False,2025,2,5
Paul Smith,2025-04-28,Books,104.61,7,True,2025,4,0
Desiree Matthews,2025-03-11,Electronics,377.8,3,False,2025,3,1
Lori Gomez,2025-05-31,Electronics,11.03,6,False,2025,5,5
Adrian Russell,2025-02-24,Books,354.39,3,False,2025,2,0
Derek Ramos,2025-05-09,Groceries,33.79,6,True,2025,5,4
Jessica Martin,2025-04-26,Clothing,378.02,3,False,2025,4,5
Jamie Garrison,2025-05-02,Books,37.35,7,False,2025,5,4
Mr. Robert Silva,2025-02-18,Groceries,485.17,1,True,2025,2,1
Michael Ramsey,2025-05-23,Books,415.8,5,False,2025,5,4
Frank Byrd,2025-04-13,Groceries,263.32,4,True,2025,4,6
Angela Nash,2025-05-09,Books,123.93,8,True,2025,5,4
Aaron Hubbard,2025-02-27,Groceries,470.55,1,True,2025,2,3
David Ross,2025-01-07,Groceries,63.07,5,False,2025,1,1
Justin Phillips,2025-02-19,Books,293.4,8,True,2025,2,2
Carla Nunez,2025-02-04,Groceries,197.44,4,True,2025,2,1
Dr. Adam Patterson,2025-05-03,Electronics,495.79,3,True,2025,5,5
Dr. Michael Caldwell Jr.,2025-02-01,Clothing,216.6,6,False,2025,2,5
Michael Vance,2025-05-28,Groceries,218.54,1,False,2025,5,2
Wanda Fisher,2025-04-06,Electronics,365.74,3,False,2025,4,6
Shannon Robinson,2025-02-16,Electronics,154.49,8,True,2025,2,6
Christopher Turner,2025-02-08,Clothing,322.65,9,False,2025,2,5
Lorraine Nelson,2025-03-27,Clothing,400.18,10,True,2025,3,3
Kyle Castro,2025-06-02,Groceries,115.74,8,False,2025,6,0
Edward Moreno,2025-04-10,Groceries,169.67,2,False,2025,4,3
Rebecca Lambert,2025-03-11,Electronics,117.66,5,False,2025,3,1
Zachary Ramirez,2025-01-30,Groceries,358.25,2,False,2025,1,3
Christina Ford,2025-01-30,Clothing,199.45,6,True,2025,1,3
Terry Bell,2025-05-18,Books,76.47,10,False,2025,5,6
Jennifer Gutierrez,2025-04-20,Electronics,98.06,9,False,2025,4,6
Hannah Mclaughlin,2025-02-02,Groceries,380.02,5,True,2025,2,6
John Wilson,2025-03-24,Clothing,384.27,4,False,2025,3,0
Michael Santiago,2025-03-23,Books,389.64,7,False,2025,3,6
Brett Smith,2025-04-01,Clothing,277.11,5,False,2025,4,1
Sandy Johnson,2025-03-16,Electronics,483.15,6,False,2025,3,6
Kaitlyn Stephenson MD,2025-03-13,Books,399.71,8,True,2025,3,3
Amanda Gregory,2025-05-13,Clothing,411.0,3,False,2025,5,1
Jeremiah Schmidt,2025-05-12,Books,357.58,6,False,2025,5,0
Amy Santos,2025-05-11,Clothing,264.39,6,True,2025,5,6
Helen Salas,2025-02-26,Clothing,15.51,7,False,2025,2,2
Roberto Gray,2025-01-04,Clothing,339.87,8,True,2025,1,5
Ryan Martinez,2025-05-14,Electronics,350.33,10,True,2025,5,2
Jonathon Turner,2025-03-19,Groceries,251.64,9,True,2025,3,2
Eric Vang,2025-02-27,Electronics,95.86,10,False,2025,2,3
Laura Butler MD,2025-01-14,Clothing,352.71,10,True,2025,1,1
Aaron Holmes,2025-02-24,Books,166.76,7,False,2025,2,0
Erin Garcia,2025-02-25,Electronics,142.31,1,False,2025,2,1
Kelly Anderson,2025-06-01,Electronics,74.5,4,True,2025,6,6
Sydney Conrad,2025-04-20,Books,142.17,9,False,2025,4,6
Andrea Atkins,2025-04-23,Groceries,146.05,10,True,2025,4,2
Mitchell Mendoza,2025-04-13,Electronics,165.2,5,False,2025,4,6
Kimberly Dunn DDS,2025-02-18,Books,288.68,4,False,2025,2,1
Andrew Hubbard,2025-05-27,Electronics,237.36,3,False,2025,5,1
Brittany Odom,2025-06-01,Groceries,262.06,2,True,2025,6,6
Samantha Huffman,2025-01-09,Electronics,397.72,6,True,2025,1,3
Austin Espinoza,2025-01-15,Electronics,395.76,9,True,2025,1,2
Paul Vasquez,2025-02-09,Clothing,347.81,3,False,2025,2,6
Matthew Gallagher,2025-01-01,Groceries,445.17,1,True,2025,1,2
Ronald Fernandez,2025-04-17,Clothing,51.79,5,True,2025,4,3
Michelle Hill,2025-05-17,Electronics,365.19,10,False,2025,5,5
Lauren Wheeler,2025-05-26,Groceries,453.17,3,False,2025,5,0
Joseph Johnson,2025-01-03,Clothing,117.13,1,True,2025,1,4
Elizabeth Garcia,2025-01-17,Electronics,239.13,8,False,2025,1,4
Miguel Thomas,2025-02-04,Electronics,477.41,8,False,2025,2,1
Colin Ryan,2025-04-22,Electronics,150.11,8,False,2025,4,1
Daniel Brown,2025-05-02,Books,287.13,4,False,2025,5,4
Ann Fuller,2025-01-04,Clothing,413.53,6,False,2025,1,5
Jamie Savage,2025-02-01,Electronics,486.61,3,False,2025,2,5
Ashley Weaver,2025-06-03,Groceries,302.57,9,True,2025,6,1
Joseph Jones,2025-03-02,Clothing,490.89,4,False,2025,3,6
Dr. Eric Mckee,2025-04-22,Books,26.11,10,True,2025,4,1
Vanessa Mccall,2025-04-05,Groceries,418.18,5,False,2025,4,5
Denise Mack,2025-02-18,Books,498.17,9,True,2025,2,1
Mackenzie Murphy,2025-03-14,Books,277.79,4,False,2025,3,4
Michelle Nelson,2025-03-11,Groceries,264.51,1,False,2025,3,1
Edward Richardson,2025-01-29,Electronics,250.01,3,True,2025,1,2
Amber Holmes,2025-01-09,Clothing,356.54,2,False,2025,1,3
Joseph Mccarthy,2025-03-13,Clothing,440.03,8,True,2025,3,3
Sean Lopez,2025-03-05,Groceries,375.1,4,False,2025,3,2
Thomas Shaw,2025-01-26,Books,160.87,9,False,2025,1,6
Martin Woods,2025-01-26,Groceries,378.08,10,True,2025,1,6
Mary Gutierrez,2025-04-18,Electronics,480.01,5,False,2025,4,4
Mitchell Brooks,2025-03-31,Clothing,438.47,3,False,2025,3,0
Veronica Doyle,2025-02-28,Electronics,388.8,1,True,2025,2,4
Susan Jackson,2025-05-07,Books,349.79,9,False,2025,5,2
Vincent Armstrong DDS,2025-02-28,Books,69.52,2,False,2025,2,4
Angela Chaney,2025-01-14,Books,32.26,5,False,2025,1,1
Amy Reid,2025-02-21,Groceries,437.62,4,True,2025,2,4
Sarah Ibarra,2025-02-18,Groceries,17.83,4,False,2025,2,1
Ariel Watts,2025-01-26,Clothing,85.22,2,True,2025,1,6
Laura Horton,2025-05-20,Electronics,399.12,1,True,2025,5,1
Cheryl Keller,2025-04-27,Books,15.04,5,True,2025,4,6
Marie Payne,2025-01-06,Groceries,431.48,2,False,2025,1,0
Alexis Osborne,2025-04-15,Electronics,345.09,5,True,2025,4,1
Samuel Valdez,2025-05-16,Books,48.77,8,True,2025,5,4
James Vargas,2025-03-18,Groceries,69.97,1,True,2025,3,1
Timothy Hansen,2025-04-06,Electronics,129.51,7,True,2025,4,6
Samuel Tran,2025-05-19,Groceries,347.25,1,True,2025,5,0
Mrs. Leah Mckinney,2025-05-29,Books,352.15,8,False,2025,5,3
Thomas Lewis,2025-05-05,Books,276.2,3,True,2025,5,0
Christopher Sawyer,2025-03-03,Electronics,194.91,1,False,2025,3,0
Erik Harmon,2025-01-30,Groceries,400.34,6,True,2025,1,3
Steve Rodriguez,2025-05-02,Books,210.26,6,False,2025,5,4
Joseph Bruce,2025-04-02,Clothing,395.2,6,True,2025,4,2
Rachel Lyons,2025-05-03,Groceries,468.94,9,False,2025,5,5
Christopher Payne,2025-04-02,Electronics,65.19,1,False,2025,4,2
Lindsey Williams,2025-04-05,Electronics,462.18,4,True,2025,4,5
Larry Reyes,2025-02-03,Clothing,436.43,1,True,2025,2,0
Carlos Pruitt,2025-02-20,Books,454.13,6,True,2025,2,3
Zachary Jordan,2025-04-08,Electronics,458.4,5,False,2025,4,1
Samantha Cooper,2025-04-19,Groceries,47.48,4,True,2025,4,5
Luke Walker,2025-01-04,Electronics,240.52,5,False,2025,1,5
Gina Watts,2025-01-13,Electronics,224.85,3,False,2025,1,0
Brittany Santos,2025-05-14,Books,192.1,6,False,2025,5,2
Jacob Sanders,2025-04-13,Books,469.85,10,False,2025,4,6
Donald Murphy,2025-05-11,Electronics,22.92,8,False,2025,5,6
Patrick Watts,2025-01-08,Groceries,355.94,9,False,2025,1,2
Shelly Jones,2025-03-22,Groceries,136.54,3,True,2025,3,5
Melissa Gray,2025-03-06,Clothing,379.84,2,False,2025,3,3
Jennifer White,2025-03-02,Clothing,443.5,3,True,2025,3,6
Kristina Simpson,2025-01-27,Groceries,269.72,9,False,2025,1,0
Jared Harding,2025-01-28,Groceries,175.46,6,False,2025,1,1
Elizabeth Bell,2025-03-05,Clothing,342.76,7,True,2025,3,2
Brenda Becker,2025-02-07,Clothing,67.67,8,True,2025,2,4
Richard Malone,2025-04-01,Groceries,447.33,8,True,2025,4,1
Louis Hensley,2025-03-22,Groceries,342.64,6,False,2025,3,5
Karen Ibarra,2025-01-28,Electronics,240.55,2,False,2025,1,1
Aaron Smith,2025-03-24,Electronics,369.95,10,True,2025,3,0
Roy Wilson,2025-05-22,Clothing,460.58,8,False,2025,5,3
Lindsay Ritter,2025-03-21,Books,94.64,3,True,2025,3,4
Keith Rojas,2025-01-21,Clothing,130.46,4,True,2025,1,1
Joy Gonzalez DDS,2025-02-07,Clothing,145.41,3,True,2025,2,4
John Boyd,2025-03-26,Clothing,45.91,8,False,2025,3,2
Julie Robbins,2025-01-12,Books,272.9,3,True,2025,1,6
Denise Juarez,2025-05-07,Clothing,23.39,5,False,2025,5,2
Elizabeth Sanchez,2025-01-01,Books,362.64,6,True,2025,1,2
Edward Burnett,2025-02-25,Electronics,418.93,2,True,2025,2,1
April Johnson,2025-05-12,Clothing,216.29,10,False,2025,5,0
Steven Nguyen,2025-02-15,Clothing,21.28,9,True,2025,2,5
Jasmine Fletcher,2025-02-06,Groceries,239.74,10,False,2025,2,3
Edward Roberts,2025-03-10,Books,174.42,4,True,2025,3,0
Christopher Young,2025-04-16,Electronics,98.48,3,False,2025,4,2
Claudia Delgado,2025-02-08,Books,178.66,3,True,2025,2,5
Andrew Tran,2025-02-21,Books,110.35,8,True,2025,2,4
Roger Robinson,2025-05-20,Groceries,479.71,9,True,2025,5,1
Lawrence Young,2025-04-24,Electronics,211.75,4,False,2025,4,3
Sara Cook,2025-05-15,Electronics,33.32,3,True,2025,5,3
Daniel Arnold,2025-03-17,Books,66.68,1,True,2025,3,0
Sara Gonzales,2025-04-12,Clothing,37.39,6,False,2025,4,5
Jeffrey Delgado,2025-02-17,Books,317.44,8,False,2025,2,0
Anthony Sweeney,2025-01-15,Books,87.43,10,True,2025,1,2
Gregory Lewis,2025-03-11,Books,399.75,5,True,2025,3,1
Patrick Williams,2025-03-19,Groceries,35.72,4,True,2025,3,2
Michelle Wood,2025-04-09,Books,404.44,6,True,2025,4,2
Christopher Sullivan,2025-01-14,Groceries,321.18,1,False,2025,1,1
Mr. Chase Key,2025-01-09,Clothing,19.91,2,True,2025,1,3
Tara Barnes,2025-04-13,Books,331.72,7,False,2025,4,6
Charles Erickson,2025-05-05,Electronics,315.35,2,False,2025,5,0
Justin Brown,2025-02-06,Clothing,215.94,9,True,2025,2,3
Michele Pearson,2025-04-22,Electronics,453.75,4,False,2025,4,1
Cory Thomas,2025-05-24,Clothing,480.78,5,False,2025,5,5
Benjamin Gonzales,2025-05-13,Groceries,237.06,5,True,2025,5,1
David Alvarez,2025-03-08,Electronics,237.79,10,True,2025,3,5
Nancy Murphy,2025-03-20,Groceries,413.19,4,False,2025,3,3
Kelly Wilson,2025-04-14,Clothing,201.55,4,True,2025,4,0
Carolyn Jones,2025-04-21,Clothing,335.92,5,False,2025,4,0
Christopher Gonzalez,2025-05-20,Books,283.09,8,True,2025,5,1
Jacob Stanley,2025-01-12,Electronics,471.74,2,True,2025,1,6
Melvin Walker,2025-02-06,Groceries,495.9,4,False,2025,2,3
Andre Davis,2025-02-01,Books,140.24,8,True,2025,2,5
Brittany Norton,2025-04-04,Groceries,363.86,6,True,2025,4,4
David Lucas,2025-06-03,Clothing,42.92,8,True,2025,6,1
Danielle Huber,2025-03-20,Clothing,104.54,6,False,2025,3,3
Ryan Bradley,2025-05-05,Books,8.76,6,False,2025,5,0
Brittany Washington,2025-02-17,Books,356.8,7,True,2025,2,0
Michelle Frye,2025-06-03,Clothing,200.75,7,False,2025,6,1
Diana Horn MD,2025-05-30,Clothing,176.85,1,False,2025,5,4
Edward Young,2025-05-25,Books,78.36,3,False,2025,5,6
Curtis Taylor,2025-02-11,Electronics,21.5,8,True,2025,2,1
Tonya Clark,2025-02-17,Electronics,207.33,7,False,2025,2,0
Deborah Brown,2025-02-16,Groceries,422.33,1,True,2025,2,6
Kimberly Howard,2025-02-02,Electronics,312.32,8,False,2025,2,6
Brenda Campbell,2025-03-02,Clothing,146.85,9,False,2025,3,6
Charles Smith,2025-05-24,Electronics,146.94,6,True,2025,5,5
Daniel Romero,2025-01-29,Groceries,253.86,3,False,2025,1,2
Jenny Wright,2025-05-15,Electronics,256.63,7,False,2025,5,3
Daniel Richardson,2025-05-17,Books,262.79,7,False,2025,5,5
Nathaniel Vaughn,2025-05-19,Groceries,14.02,9,True,2025,5,0
Marilyn Lawrence,2025-02-03,Books,340.18,6,True,2025,2,0
Robert Manning,2025-01-20,Electronics,254.42,10,False,2025,1,0
Alison Parker,2025-02-20,Electronics,312.67,10,False,2025,2,3
James Sullivan,2025-01-03,Groceries,266.2,4,True,2025,1,4
Brendan Delgado,2025-04-22,Clothing,174.27,7,True,2025,4,1
Elizabeth Harris,2025-02-05,Electronics,308.06,7,True,2025,2,2
Joseph Lopez,2025-02-14,Groceries,294.93,2,True,2025,2,4
Melanie Kaiser,2025-04-20,Books,423.91,4,True,2025,4,6
Ashley Williams,2025-04-18,Clothing,352.01,4,False,2025,4,4
Jeffrey Maxwell,2025-05-22,Clothing,221.52,6,False,2025,5,3
Joshua Johnson,2025-02-13,Clothing,139.68,3,False,2025,2,3
Lacey Jordan,2025-02-22,Groceries,56.71,3,False,2025,2,5
Nathan Collier,2025-05-28,Clothing,395.45,7,False,2025,5,2
Dean Hoover,2025-01-22,Groceries,446.95,1,True,2025,1,2
Kathleen Ellis,2025-02-15,Clothing,19.05,8,True,2025,2,5
Candace Moran,2025-04-09,Books,361.55,5,True,2025,4,2
Sydney Harmon,2025-05-21,Books,312.82,5,True,2025,5,2
Sarah Dean,2025-04-23,Electronics,400.56,8,False,2025,4,2
Melinda Ramos,2025-03-22,Electronics,309.13,3,True,2025,3,5
Christopher Silva,2025-01-02,Groceries,339.11,10,True,2025,1,3
Randy Espinoza,2025-03-24,Books,90.31,10,True,2025,3,0
Nicole Cunningham,2025-02-24,Groceries,146.79,2,False,2025,2,0
Dr. Brian Nguyen,2025-02-10,Groceries,47.67,2,True,2025,2,0
David Gonzalez,2025-04-16,Books,158.0,5,False,2025,4,2
Sandra York,2025-01-02,Books,441.17,1,True,2025,1,3
Ronald Wall,2025-03-24,Electronics,481.15,6,True,2025,3,0
Michael Lowe,2025-05-02,Groceries,117.72,9,True,2025,5,4
Jimmy Wallace,2025-04-20,Electronics,231.71,5,False,2025,4,6
Kimberly Carter,2025-03-09,Books,260.14,3,True,2025,3,6
Kristen Lowe,2025-03-29,Electronics,78.82,5,True,2025,3,5
Jordan Chambers,2025-03-11,Groceries,102.3,5,False,2025,3,1
Brandy Baird,2025-01-25,Books,28.97,10,True,2025,1,5
Theresa Friedman,2025-03-25,Books,204.69,9,False,2025,3,1
Jillian Duncan,2025-02-08,Groceries,494.49,5,True,2025,2,5
Julie Hampton,2025-05-29,Clothing,100.48,8,False,2025,5,3
Gabriel Cummings,2025-02-26,Electronics,46.01,7,True,2025,2,2
Dennis Cole,2025-05-13,Books,182.9,9,True,2025,5,1
Alex Stevens,2025-05-30,Clothing,414.35,5,False,2025,5,4
Joshua Baldwin,2025-05-05,Electronics,465.16,7,False,2025,5,0
Diane Holder,2025-03-07,Electronics,366.03,10,True,2025,3,4
Michael Novak,2025-05-02,Groceries,89.3,10,True,2025,5,4
Christine Rush,2025-03-10,Clothing,11.59,5,True,2025,3,0
Jasmine Jones,2025-04-22,Books,398.75,7,True,2025,4,1
Elizabeth Little,2025-03-15,Groceries,272.58,9,True,2025,3,5
Mrs. Linda Anderson MD,2025-04-18,Electronics,337.84,6,True,2025,4,4
Dwayne Reyes,2025-02-09,Groceries,156.93,5,False,2025,2,6
Meagan Morgan,2025-02-11,Clothing,57.72,4,False,2025,2,1
Shane Ramirez,2025-05-12,Books,224.42,4,True,2025,5,0
Ronald Moore,2025-02-14,Books,410.82,8,False,2025,2,4
Kayla Lindsey,2025-05-09,Clothing,67.77,7,False,2025,5,4
Stephanie Pope,2025-03-06,Electronics,216.45,2,False,2025,3,3
Cassandra Williams,2025-02-22,Clothing,436.69,2,True,2025,2,5
Mary Arias,2025-01-14,Clothing,417.64,5,True,2025,1,1
Jennifer Brady,2025-04-20,Clothing,209.34,2,True,2025,4,6
Stacey French,2025-05-22,Books,33.44,1,False,2025,5,3
Lauren Griffin,2025-03-10,Clothing,256.09,7,True,2025,3,0
James Levy,2025-05-01,Clothing,395.62,1,False,2025,5,3
Jessica Daugherty,2025-03-09,Clothing,194.43,2,False,2025,3,6
Eric Reyes,2025-02-24,Electronics,208.65,9,True,2025,2,0
David Leonard,2025-01-14,Electronics,310.06,1,True,2025,1,1
Sean Patel,2025-03-01,Books,298.03,6,True,2025,3,5
Katie Gregory,2025-03-10,Groceries,325.39,5,True,2025,3,0
Gregory Taylor,2025-02-18,Electronics,155.02,4,True,2025,2,1
Kimberly Moore,2025-03-27,Books,331.32,8,True,2025,3,3
Holly Cunningham,2025-03-14,Electronics,12.83,2,True,2025,3,4
Jonathon Baker,2025-04-08,Books,309.31,1,True,2025,4,1
Richard Brown,2025-03-10,Books,476.15,7,False,2025,3,0
Mary Branch,2025-05-03,Clothing,403.7,1,True,2025,5,5
Edward Smith,2025-01-22,Electronics,223.28,10,False,2025,1,2
James Murray,2025-02-28,Clothing,498.44,8,False,2025,2,4
Daniel Alexander,2025-03-08,Electronics,170.67,1,False,2025,3,5
David Butler,2025-03-25,Electronics,259.97,1,True,2025,3,1
Eric Lee,2025-02-27,Electronics,399.39,7,True,2025,2,3
Robert Green,2025-01-11,Groceries,329.85,4,True,2025,1,5
Marcus Johnson,2025-05-29,Clothing,31.85,9,True,2025,5,3
Todd Thomas,2025-03-05,Groceries,100.37,7,True,2025,3,2
Allen Randall,2025-03-26,Groceries,369.05,9,False,2025,3,2
Melissa Phelps MD,2025-04-09,Groceries,314.61,2,True,2025,4,2
Mark Wallace,2025-02-11,Clothing,248.68,4,False,2025,2,1
Savannah Nelson,2025-03-16,Clothing,403.35,1,False,2025,3,6
Angela Anderson,2025-02-20,Groceries,368.75,5,True,2025,2,3
Steven Phillips,2025-05-08,Groceries,226.65,5,True,2025,5,3
Robin Buckley,2025-04-02,Electronics,393.82,3,False,2025,4,2
Catherine Miller,2025-01-17,Clothing,464.93,4,True,2025,1,4
Timothy Mcdowell,2025-03-28,Groceries,22.5,6,True,2025,3,4
Vincent Maynard,2025-03-27,Groceries,342.01,10,False,2025,3,3
Robert Gomez,2025-04-17,Clothing,438.22,4,False,2025,4,3
Crystal Vargas,2025-03-17,Groceries,155.78,1,False,2025,3,0
Steven Smith,2025-02-27,Electronics,123.0,9,True,2025,2,3
Kyle Avila,2025-04-26,Groceries,347.58,3,True,2025,4,5
Mallory Vang,2025-02-18,Clothing,45.15,7,False,2025,2,1
Cassandra Green,2025-05-21,Groceries,26.34,1,False,2025,5,2
Kimberly Martin,2025-03-08,Electronics,450.55,1,True,2025,3,5
Ashley Sullivan,2025-01-02,Electronics,318.11,10,False,2025,1,3
Kristopher Morrow,2025-03-25,Electronics,195.28,9,True,2025,3,1
Jennifer Martin,2025-04-03,Books,324.97,8,False,2025,4,3
Erin Carrillo,2025-05-30,Clothing,348.74,2,False,2025,5,4
Stefanie Richards MD,2025-05-27,Books,224.1,4,False,2025,5,1
Linda Macdonald,2025-03-14,Clothing,22.69,1,True,2025,3,4
Manuel Downs,2025-03-29,Groceries,446.73,10,False,2025,3,5
John Bradley,2025-01-01,Electronics,439.9,8,True,2025,1,2
Amy Stanley,2025-03-03,Clothing,489.14,10,True,2025,3,0
Alejandro Gonzalez,2025-01-21,Clothing,211.85,1,True,2025,1,1
Victor Freeman,2025-05-24,Electronics,309.39,1,True,2025,5,5
Jeremy Knight,2025-05-17,Groceries,443.74,9,True,2025,5,5
Alexis Davis,2025-03-30,Books,74.12,10,False,2025,3,6
Jessica Miller,2025-01-15,Groceries,219.65,9,False,2025,1,2
Sarah Wilson,2025-04-05,Clothing,33.28,3,False,2025,4,5
Dustin Taylor,2025-06-02,Groceries,155.89,4,True,2025,6,0
Kevin Blanchard,2025-01-02,Clothing,184.75,7,False,2025,1,3
Ronald Gould,2025-05-03,Groceries,281.32,7,False,2025,5,5
Jennifer Gomez,2025-05-26,Books,38.06,6,False,2025,5,0
John Lee,2025-03-02,Groceries,390.84,4,False,2025,3,6
Bonnie Bishop,2025-02-03,Books,32.91,1,True,2025,2,0
Melody Watson,2025-01-11,Clothing,98.42,4,False,2025,1,5
Randy Stevens,2025-01-02,Books,108.54,1,True,2025,1,3
Veronica Jones,2025-01-12,Books,485.23,9,True,2025,1,6
Justin Hopkins,2025-01-13,Books,466.21,5,True,2025,1,0
Kathleen Cruz,2025-03-23,Electronics,212.61,5,True,2025,3,6
Daniel Bennett,2025-03-02,Books,73.74,10,True,2025,3,6
Cynthia Munoz,2025-01-05,Books,274.07,3,False,2025,1,6
Darlene Osborn,2025-01-30,Clothing,380.33,6,False,2025,1,3
John Anderson,2025-02-27,Clothing,345.28,3,True,2025,2,3
Wendy Taylor,2025-04-05,Clothing,448.81,9,False,2025,4,5
Sandra Foster,2025-05-23,Groceries,224.3,1,True,2025,5,4
James Holloway,2025-04-12,Groceries,75.47,6,True,2025,4,5
Christine Rojas,2025-04-28,Electronics,163.72,4,True,2025,4,0
Mark Henry,2025-03-08,Clothing,100.66,1,True,2025,3,5
Barbara Choi,2025-04-08,Books,65.19,8,False,2025,4,1
Alexandra Hughes,2025-02-04,Groceries,468.12,2,False,2025,2,1
Tim Thomas,2025-03-10,Groceries,50.21,7,True,2025,3,0
Harry Collier,2025-01-14,Electronics,401.85,8,False,2025,1,1
John Smith,2025-04-07,Groceries,34.37,1,True,2025,4,0
Robert Villanueva,2025-02-02,Groceries,162.81,5,False,2025,2,6
Lee Short II,2025-01-13,Books,110.12,1,False,2025,1,0
Joshua Hobbs,2025-05-02,Books,490.2,8,True,2025,5,4
John Richardson,2025-01-19,Books,361.91,8,False,2025,1,6
Marcus Smith,2025-02-13,Electronics,470.14,4,False,2025,2,3
Melinda Shaw,2025-01-19,Electronics,139.89,7,True,2025,1,6
Matthew Parker,2025-01-18,Clothing,158.29,7,False,2025,1,5
Stacey Mathis,2025-05-16,Books,135.49,9,True,2025,5,4
Joshua Mcdaniel,2025-05-12,Clothing,313.81,6,True,2025,5,0
Tina Kidd,2025-03-04,Electronics,203.25,1,False,2025,3,1
Kristy Garcia,2025-03-14,Groceries,421.93,7,False,2025,3,4
Sabrina Livingston,2025-04-02,Groceries,408.16,5,True,2025,4,2
Matthew Bowman,2025-02-28,Clothing,409.55,8,True,2025,2,4
Alexandra Cantrell,2025-01-03,Electronics,232.0,4,True,2025,1,4
Stephanie Villegas,2025-04-13,Clothing,62.71,9,True,2025,4,6
Brittany Wright,2025-02-20,Clothing,331.92,4,True,2025,2,3
Cheryl Lee,2025-02-14,Groceries,479.54,8,False,2025,2,4
Beth Morris,2025-03-19,Clothing,409.44,1,False,2025,3,2
Ryan Franklin,2025-01-20,Electronics,481.83,9,True,2025,1,0
Deanna Chen,2025-03-12,Books,20.37,7,False,2025,3,2
Darlene Greer,2025-01-13,Clothing,267.91,7,False,2025,1,0
Ms. Sara Fowler DVM,2025-05-04,Groceries,435.94,4,True,2025,5,6
Richard Camacho,2025-03-05,Clothing,150.93,3,True,2025,3,2
Diana Johnson,2025-04-15,Electronics,372.5,6,True,2025,4,1
Jessica Washington,2025-04-15,Electronics,35.49,9,False,2025,4,1
Carrie Nguyen,2025-02-06,Groceries,443.18,3,True,2025,2,3
Marcus Campbell,2025-06-02,Clothing,13.76,10,True,2025,6,0
Jason Taylor,2025-03-17,Electronics,238.52,2,False,2025,3,0
Vanessa Leonard,2025-05-29,Groceries,438.97,3,True,2025,5,3
Sharon Hernandez,2025-04-28,Clothing,457.79,4,False,2025,4,0
Ann Taylor,2025-05-17,Groceries,188.88,4,False,2025,5,5
Janice Armstrong,2025-03-26,Electronics,7.78,5,True,2025,3,2
Mary Franco,2025-04-16,Books,69.14,8,True,2025,4,2
Andrew Mcpherson,2025-01-21,Groceries,418.08,6,True,2025,1,1
James Olson,2025-01-15,Books,154.54,1,False,2025,1,2
Rebecca Bautista,2025-05-17,Clothing,351.34,10,True,2025,5,5
Chase Parker,2025-05-14,Clothing,111.27,1,False,2025,5,2
Marissa Wilson,2025-03-08,Electronics,24.96,5,False,2025,3,5
James Moore,2025-05-10,Clothing,410.76,8,True,2025,5,5
Mason Patton,2025-05-17,Clothing,161.08,1,False,2025,5,5
Megan Brown,2025-04-21,Groceries,486.78,10,False,2025,4,0
Tina Castro,2025-04-25,Electronics,402.93,1,False,2025,4,4
Colin Murphy,2025-03-16,Books,253.71,9,True,2025,3,6
Joseph Mendoza,2025-04-17,Books,10.69,10,True,2025,4,3
Leah Scott,2025-02-03,Groceries,282.59,2,True,2025,2,0
Lynn Smith,2025-05-06,Groceries,136.49,10,True,2025,5,1
Benjamin Sullivan,2025-02-17,Electronics,113.42,10,True,2025,2,0
Heather Young,2025-03-27,Electronics,125.55,6,False,2025,3,3
Luis Nixon,2025-04-05,Groceries,474.94,2,False,2025,4,5
Thomas Mckinney,2025-01-10,Groceries,464.08,3,True,2025,1,4
Rachel Herrera,2025-05-15,Clothing,439.4,6,False,2025,5,3
Ann Wood,2025-01-15,Books,390.35,10,False,2025,1,2
Christopher Green,2025-04-09,Groceries,125.93,9,False,2025,4,2
Michael Gregory,2025-01-24,Clothing,42.96,8,True,2025,1,4
Michael Diaz,2025-05-25,Electronics,26.84,1,False,2025,5,6
Robert Rhodes,2025-05-27,Clothing,487.92,8,True,2025,5,1
Jeffrey Raymond,2025-04-06,Books,226.27,4,True,2025,4,6
Stuart Green,2025-04-29,Books,244.16,9,False,2025,4,1
Bradley Anderson,2025-02-18,Books,46.8,10,False,2025,2,1
Michael Stewart,2025-05-25,Groceries,286.98,1,False,2025,5,6
Lisa Martin,2025-05-12,Books,147.94,1,False,2025,5,0
Taylor Wolfe,2025-01-04,Clothing,448.28,9,False,2025,1,5
Timothy Church,2025-04-24,Books,17.5,3,True,2025,4,3
Anthony Mitchell,2025-03-07,Clothing,485.19,10,True,2025,3,4
Frederick Smith,2025-01-13,Clothing,295.87,8,False,2025,1,0
Amanda Smith,2025-01-28,Books,126.02,6,False,2025,1,1
Jessica Hickman,2025-01-31,Groceries,370.46,3,True,2025,1,4
Chris Thompson,2025-02-01,Books,185.93,9,False,2025,2,5
Kelly Thompson,2025-05-06,Electronics,41.0,7,False,2025,5,1
Ronald Watts,2025-01-23,Clothing,382.23,10,False,2025,1,3
Pamela Johnson,2025-01-08,Books,378.38,10,True,2025,1,2
Jeffrey Carney,2025-05-22,Books,468.65,6,False,2025,5,3
Carol Brandt,2025-02-28,Books,393.55,3,False,2025,2,4
Carl White,2025-01-08,Groceries,175.04,7,False,2025,1,2
Brittany Lara,2025-01-19,Clothing,498.37,10,True,2025,1,6
Beverly Harrington,2025-02-15,Books,220.9,6,False,2025,2,5
Melissa Nelson,2025-05-09,Groceries,154.48,6,True,2025,5,4
Richard Ward,2025-02-17,Clothing,435.92,5,True,2025,2,0
Renee Jackson,2025-04-20,Electronics,275.66,7,True,2025,4,6
Andrea Rodriguez,2025-04-02,Clothing,482.14,10,True,2025,4,2
John Adams,2025-05-05,Books,179.27,1,False,2025,5,0
Matthew Smith,2025-04-01,Electronics,63.67,6,False,2025,4,1
Natalie Pennington,2025-02-17,Groceries,307.65,6,False,2025,2,0
Samantha Allen,2025-04-08,Clothing,218.21,2,True,2025,4,1
Laura Guerrero,2025-04-04,Groceries,132.8,5,False,2025,4,4
Timothy Bradley,2025-02-24,Groceries,153.18,6,False,2025,2,0
Diana Stewart,2025-02-24,Electronics,166.14,7,False,2025,2,0
Linda Hart,2025-03-22,Books,308.98,1,True,2025,3,5
Jason Webb,2025-04-24,Books,464.68,1,False,2025,4,3
Ruth Caldwell,2025-03-10,Clothing,390.54,9,True,2025,3,0
Ryan Davis,2025-02-22,Clothing,461.77,3,True,2025,2,5
Alex Eaton,2025-03-29,Clothing,174.65,6,False,2025,3,5
Alec Singh,2025-01-25,Electronics,432.57,5,False,2025,1,5
Taylor Cooke,2025-06-01,Books,357.29,2,False,2025,6,6
Jason Chase,2025-02-15,Electronics,265.35,4,False,2025,2,5
Mr. Jerry Garcia,2025-04-02,Electronics,467.82,3,True,2025,4,2
Michael Calhoun,2025-05-29,Groceries,470.21,9,False,2025,5,3
Janice Brennan,2025-03-13,Clothing,314.43,5,False,2025,3,3
Christopher Scott,2025-05-28,Groceries,124.23,2,False,2025,5,2
Candice Dean,2025-02-19,Groceries,42.7,3,True,2025,2,2
Peter Johnson,2025-05-08,Clothing,256.07,9,False,2025,5,3
Pamela Valencia,2025-05-11,Groceries,476.93,6,False,2025,5,6
Matthew Kelly,2025-02-15,Clothing,15.17,8,True,2025,2,5
David Sims,2025-02-03,Clothing,185.4,3,False,2025,2,0
Charles Bright,2025-05-06,Electronics,450.53,9,True,2025,5,1
John Mason,2025-01-18,Groceries,37.81,8,False,2025,1,5
Megan Vang,2025-02-14,Clothing,416.45,8,True,2025,2,4
Jennifer Cain,2025-02-06,Groceries,261.46,2,True,2025,2,3
Randy Smith,2025-06-02,Books,362.93,6,True,2025,6,0
Kayla Dunn,2025-01-06,Books,329.02,9,True,2025,1,0
Michael Conrad,2025-03-10,Clothing,10.21,7,False,2025,3,0
William Martinez,2025-05-01,Electronics,177.08,10,True,2025,5,3
Kyle Long,2025-01-26,Electronics,43.91,5,False,2025,1,6
Christina Scott,2025-05-08,Electronics,60.26,6,True,2025,5,3
Laura Mendoza,2025-04-30,Books,174.14,1,True,2025,4,2
Robert Miles,2025-02-07,Electronics,175.21,6,True,2025,2,4
Jonathan Beard,2025-04-30,Books,303.82,8,True,2025,4,2
Louis Bailey,2025-06-01,Books,389.05,1,False,2025,6,6
Michael Sherman,2025-05-28,Clothing,210.2,6,False,2025,5,2
Sean Castaneda,2025-03-07,Electronics,386.39,7,True,2025,3,4
Gregg White,2025-04-01,Electronics,318.13,1,False,2025,4,1
Steven Blair,2025-05-15,Books,377.65,5,True,2025,5,3
John Conley,2025-03-28,Books,363.67,2,False,2025,3,4
Shirley Phillips,2025-05-28,Clothing,117.79,3,True,2025,5,2
Bruce Singleton,2025-04-21,Books,177.11,3,True,2025,4,0
Sara Anderson,2025-01-06,Books,54.79,8,True,2025,1,0
Jennifer Thompson,2025-05-16,Clothing,442.3,9,True,2025,5,4
Randy Bennett,2025-04-10,Clothing,140.44,3,True,2025,4,3
Amber Castillo,2025-03-20,Groceries,403.06,8,False,2025,3,3
Kelly Kidd,2025-05-23,Electronics,38.42,1,True,2025,5,4
Ryan Brown,2025-03-24,Clothing,235.62,10,False,2025,3,0
Jeffrey Todd,2025-05-29,Clothing,281.52,9,False,2025,5,3
Eric Jones,2025-01-19,Groceries,492.04,7,True,2025,1,6
Katherine White,2025-03-03,Groceries,351.42,10,True,2025,3,0
Charles Wood,2025-04-25,Electronics,367.86,9,True,2025,4,4
Michael Olson,2025-05-12,Electronics,483.86,10,False,2025,5,0
Michaela Hendricks,2025-03-26,Electronics,130.03,4,False,2025,3,2
Shane Tucker,2025-02-10,Clothing,109.31,5,False,2025,2,0
James Montgomery,2025-06-02,Clothing,45.36,2,True,2025,6,0
Melanie Maldonado,2025-03-24,Groceries,255.09,3,False,2025,3,0
Robert Clark,2025-01-15,Clothing,461.07,3,False,2025,1,2
Louis Jacobs,2025-04-06,Groceries,330.59,5,False,2025,4,6
Yvonne Jackson,2025-02-18,Books,164.37,6,False,2025,2,1
Eric Meyer,2025-05-16,Books,25.89,1,False,2025,5,4
Jeffrey Morrison,2025-04-14,Electronics,354.17,7,True,2025,4,0
Angela Mcintyre,2025-04-24,Electronics,164.36,8,False,2025,4,3
Virginia Smith,2025-03-12,Books,309.23,4,False,2025,3,2
David Snyder,2025-02-04,Books,459.34,2,False,2025,2,1
Jennifer Phelps,2025-03-23,Groceries,358.2,7,True,2025,3,6
Zachary Chavez,2025-01-02,Books,143.73,6,False,2025,1,3
Rodney Garner,2025-02-26,Books,186.3,8,False,2025,2,2
Ryan Pace,2025-02-02,Clothing,316.69,6,False,2025,2,6
Jeffrey Patterson,2025-02-22,Groceries,196.13,4,True,2025,2,5
Tracy Smith,2025-03-15,Clothing,202.02,2,True,2025,3,5
Tina Duncan,2025-03-11,Books,43.86,3,False,2025,3,1
Jacob Long,2025-02-12,Groceries,472.42,1,False,2025,2,2
Erin Cox,2025-01-05,Electronics,66.03,5,True,2025,1,6
Timothy Brown,2025-05-12,Clothing,174.97,10,False,2025,5,0
Warren Houston,2025-03-09,Clothing,95.99,3,True,2025,3,6
Heather Roberts,2025-05-03,Books,42.45,8,True,2025,5,5
Nicholas Davis,2025-02-02,Groceries,371.65,10,False,2025,2,6
Jacob Snyder,2025-02-17,Groceries,84.01,10,False,2025,2,0
Laura Guerra,2025-01-30,Groceries,301.43,7,False,2025,1,3
Jose Dominguez,2025-02-17,Groceries,148.41,3,True,2025,2,0
Brenda Fuller,2025-01-25,Groceries,11.02,4,False,2025,1,5
Ronald Miller,2025-02-18,Groceries,431.09,9,True,2025,2,1
Joseph Baker,2025-02-15,Books,173.43,3,True,2025,2,5
Nicole Quinn,2025-05-23,Books,40.32,3,False,2025,5,4
Taylor Sanchez,2025-04-05,Electronics,140.98,9,False,2025,4,5
Kevin Pollard,2025-03-23,Clothing,303.59,8,False,2025,3,6
Shawna Campbell,2025-03-26,Clothing,211.36,2,True,2025,3,2
Thomas Beck,2025-02-27,Clothing,329.86,5,False,2025,2,3
Anthony Johnson,2025-01-25,Clothing,435.52,5,False,2025,1,5
Henry Sloan,2025-04-19,Books,428.67,4,False,2025,4,5
Miss Melissa Vega,2025-03-18,Electronics,486.5,9,True,2025,3,1
Cassandra Rogers,2025-02-26,Clothing,273.71,8,True,2025,2,2
Anthony Davis,2025-04-16,Electronics,94.53,8,False,2025,4,2
Vincent Lawrence,2025-02-22,Groceries,156.86,9,True,2025,2,5
Brenda Campos,2025-05-16,Groceries,393.29,10,True,2025,5,4
Jamie Young,2025-01-20,Electronics,410.67,2,False,2025,1,0
Karen Shaw,2025-04-24,Electronics,325.73,2,True,2025,4,3
David Mason,2025-05-24,Books,223.57,8,True,2025,5,5
Jody Patterson,2025-02-27,Books,298.12,6,True,2025,2,3
Tina Sanchez,2025-05-21,Electronics,419.37,10,True,2025,5,2
Tamara Castillo,2025-01-20,Groceries,167.74,4,True,2025,1,0
Cheryl Doyle,2025-03-26,Clothing,259.75,3,True,2025,3,2
Jason Conrad,2025-01-23,Books,37.9,3,False,2025,1,3
Renee Lynn,2025-02-11,Books,223.47,5,False,2025,2,1
Krystal Schwartz,2025-01-07,Books,166.44,7,True,2025,1,1
Jessica Copeland DVM,2025-04-08,Clothing,169.93,7,True,2025,4,1
Hayley Baker,2025-05-12,Groceries,386.66,10,False,2025,5,0
Alicia Lara,2025-01-28,Clothing,199.33,3,True,2025,1,1
Amy Francis,2025-03-14,Clothing,322.68,3,False,2025,3,4
Heather Gregory,2025-01-25,Books,52.31,7,True,2025,1,5
Christopher Richardson,2025-02-04,Electronics,70.58,9,False,2025,2,1
Shirley Nichols,2025-06-02,Groceries,190.18,4,False,2025,6,0
Emily Phillips,2025-04-15,Electronics,46.0,6,False,2025,4,1
Nancy Donovan,2025-01-27,Groceries,90.21,4,False,2025,1,0
Bradley Cisneros,2025-03-19,Electronics,84.59,8,True,2025,3,2
Lawrence Price,2025-04-13,Electronics,358.98,10,True,2025,4,6
James Brown,2025-01-11,Groceries,389.26,1,True,2025,1,5
Scott Sanchez,2025-02-01,Clothing,413.64,6,False,2025,2,5
Christopher Hardin,2025-02-27,Electronics,6.29,7,True,2025,2,3
Derek Carter,2025-04-21,Books,163.49,2,True,2025,4,0
Billy Turner,2025-01-10,Books,29.83,10,False,2025,1,4
Phillip Peterson,2025-04-26,Electronics,366.54,1,True,2025,4,5
Virginia Anderson,2025-05-09,Books,494.36,2,False,2025,5,4
Tracy Adams,2025-05-30,Books,460.54,10,True,2025,5,4
Kimberly Garcia,2025-05-19,Electronics,304.14,4,False,2025,5,0
Jennifer Anderson,2025-03-23,Electronics,186.2,6,True,2025,3,6
Adam Smith,2025-01-23,Books,132.12,7,True,2025,1,3
Christina Smith,2025-01-31,Groceries,380.85,8,True,2025,1,4
Catherine Hardin,2025-01-11,Books,24.15,5,False,2025,1,5
Paul English,2025-01-24,Electronics,471.93,4,False,2025,1,4
Rebecca Leon,2025-02-14,Books,253.36,3,True,2025,2,4
Nancy Bass,2025-01-30,Electronics,214.62,8,True,2025,1,3
George Perez,2025-01-21,Groceries,233.02,7,False,2025,1,1
Kent Jackson,2025-01-03,Clothing,283.99,6,False,2025,1,4
Roger Walton,2025-04-21,Books,231.67,1,True,2025,4,0
Nancy Yang,2025-05-19,Clothing,269.97,5,True,2025,5,0
Kyle Macias,2025-03-14,Clothing,323.48,1,True,2025,3,4
Calvin Mccarty,2025-03-08,Groceries,410.16,10,True,2025,3,5
Mark Mitchell,2025-03-24,Groceries,49.25,1,True,2025,3,0
Thomas Macias,2025-01-19,Books,286.32,6,False,2025,1,6
Nicole Black,2025-02-14,Electronics,181.08,8,False,2025,2,4
Matthew Navarro,2025-02-04,Electronics,202.48,9,False,2025,2,1
Christopher Patterson,2025-03-08,Groceries,480.88,4,False,2025,3,5
John Vaughn,2025-04-16,Electronics,157.05,5,False,2025,4,2
Charles Lewis,2025-05-12,Clothing,131.14,1,False,2025,5,0
Angela Patton,2025-05-22,Clothing,450.26,1,True,2025,5,3
John Richardson,2025-03-31,Electronics,351.06,2,True,2025,3,0
Tyler Duran,2025-05-08,Clothing,272.18,1,False,2025,5,3
Matthew Roberts,2025-04-02,Electronics,180.53,5,False,2025,4,2
Paul Parker,2025-04-06,Groceries,10.17,10,True,2025,4,6
Benjamin Davis,2025-03-04,Groceries,55.59,4,False,2025,3,1
Greg Ramirez,2025-01-02,Clothing,184.92,3,False,2025,1,3
Adrian Baker,2025-03-11,Groceries,82.28,3,True,2025,3,1
Samuel Washington,2025-02-03,Electronics,77.15,9,True,2025,2,0
Mario Bell,2025-01-21,Groceries,364.7,7,False,2025,1,1
Joseph Luna,2025-04-03,Clothing,457.49,5,True,2025,4,3
Carlos Campbell,2025-04-06,Groceries,266.67,5,True,2025,4,6
Brian Robinson,2025-05-02,Electronics,254.62,6,False,2025,5,4
Christian Sharp,2025-05-27,Groceries,211.25,5,False,2025,5,1
Ronald Lopez,2025-03-06,Electronics,348.44,9,False,2025,3,3
Donald Franklin,2025-01-20,Groceries,62.76,2,False,2025,1,0
Angela Mack,2025-03-07,Electronics,215.12,9,False,2025,3,4
Ralph Ford,2025-05-05,Groceries,111.54,5,True,2025,5,0
Mario Warren,2025-03-10,Books,330.08,9,True,2025,3,0
Cindy Ritter,2025-06-01,Books,310.29,3,True,2025,6,6
Brian Buchanan,2025-01-19,Groceries,192.85,1,True,2025,1,6
Patricia Lutz,2025-05-24,Electronics,314.73,6,True,2025,5,5
Mark Davis,2025-01-03,Electronics,271.23,8,True,2025,1,4
Pam Beard,2025-02-01,Books,374.36,7,True,2025,2,5
Tiffany Scott,2025-04-14,Books,239.69,7,True,2025,4,0
Nathaniel Rodriguez,2025-05-23,Clothing,160.83,7,True,2025,5,4
Jennifer Walker,2025-03-25,Books,160.45,2,True,2025,3,1
Gavin Higgins,2025-04-04,Groceries,249.65,7,False,2025,4,4
Linda Aguilar,2025-04-12,Clothing,371.09,2,True,2025,4,5
Mr. Aaron Acosta,2025-02-01,Books,315.37,1,True,2025,2,5
Donna Barnett,2025-05-04,Electronics,350.46,8,False,2025,5,6
Amy Costa,2025-05-17,Electronics,326.02,1,False,2025,5,5
Adrian Robinson,2025-04-20,Electronics,358.26,5,False,2025,4,6
Erika Gregory,2025-04-14,Clothing,422.92,9,False,2025,4,0
Corey Pittman,2025-05-06,Clothing,324.54,8,True,2025,5,1
Tyler Cabrera,2025-03-13,Groceries,310.24,9,True,2025,3,3
Daniel Walker,2025-02-11,Books,145.95,10,False,2025,2,1
Michelle Harris,2025-01-12,Books,42.85,2,True,2025,1,6
Billy Lee,2025-05-10,Groceries,345.33,8,True,2025,5,5
Michael Ray,2025-02-27,Books,202.18,2,True,2025,2,3
Nicole Hernandez,2025-02-18,Clothing,285.77,6,True,2025,2,1
Jordan Moore,2025-05-17,Electronics,476.54,6,True,2025,5,5
Jonathan Erickson,2025-02-10,Books,195.73,7,True,2025,2,0
Christopher Wilson,2025-05-16,Electronics,30.77,2,True,2025,5,4
Scott Martinez,2025-03-17,Books,231.7,2,True,2025,3,0
Jenny Crawford,2025-04-01,Books,5.68,7,True,2025,4,1
Megan Gallagher,2025-04-10,Electronics,443.61,3,False,2025,4,3
Rhonda Wolfe,2025-02-16,Groceries,135.48,3,True,2025,2,6
Paul Rivera,2025-04-16,Electronics,59.45,6,False,2025,4,2
Patricia Cobb,2025-01-31,Clothing,375.0,10,False,2025,1,4
Jonathan Rogers,2025-05-01,Electronics,62.23,3,True,2025,5,3
Kevin Price,2025-02-16,Clothing,26.16,7,False,2025,2,6
Scott Sharp,2025-02-26,Groceries,463.61,8,True,2025,2,2
Carla Wright,2025-02-17,Clothing,271.88,4,False,2025,2,0
Linda Richards,2025-05-24,Electronics,434.17,9,False,2025,5,5
Michael Davis,2025-03-29,Clothing,489.92,6,True,2025,3,5
Emily Wall,2025-01-16,Books,294.81,10,True,2025,1,3
Elizabeth Cortez,2025-05-01,Groceries,31.48,9,True,2025,5,3
Jane Russell,2025-04-02,Books,244.42,9,False,2025,4,2
Barbara Barnes,2025-04-24,Electronics,63.66,10,False,2025,4,3
Daniel Cruz,2025-01-19,Groceries,359.58,3,True,2025,1,6
Paul Anderson,2025-01-03,Electronics,169.77,9,False,2025,1,4
Christopher Mason,2025-05-15,Clothing,355.38,2,True,2025,5,3
David Cochran,2025-01-13,Groceries,253.98,3,True,2025,1,0
William Glenn,2025-03-19,Electronics,381.92,8,False,2025,3,2
Tiffany Thompson,2025-03-03,Books,127.17,10,True,2025,3,0
Katelyn Taylor,2025-01-17,Electronics,299.59,4,True,2025,1,4
Robert Briggs,2025-04-14,Books,108.46,7,False,2025,4,0
Brooke Day,2025-04-24,Electronics,498.39,5,False,2025,4,3
Douglas Aguilar,2025-03-02,Groceries,172.14,2,True,2025,3,6
Jerry Stanley,2025-05-10,Books,185.53,10,False,2025,5,5
Gary Cortez,2025-03-14,Clothing,401.63,6,False,2025,3,4
Bradley Brown,2025-04-24,Books,5.26,1,False,2025,4,3
Ronald Campbell,2025-01-11,Electronics,466.69,4,False,2025,1,5
Abigail Lopez,2025-04-18,Electronics,56.31,10,True,2025,4,4
Bradley Wilkerson,2025-04-27,Electronics,91.38,5,False,2025,4,6
Brent Hudson,2025-05-22,Electronics,340.32,8,True,2025,5,3
Derrick Perry,2025-02-06,Books,312.76,5,True,2025,2,3
Edward Suarez,2025-03-29,Clothing,476.59,2,True,2025,3,5
Jeffrey Sandoval,2025-04-10,Clothing,8.5,2,True,2025,4,3
Sarah Nguyen,2025-02-11,Electronics,180.9,4,True,2025,2,1
John Smith,2025-01-28,Books,351.13,9,False,2025,1,1
Wesley Bryan,2025-01-10,Electronics,177.15,5,False,2025,1,4
Laura Terry,2025-01-28,Books,119.95,7,False,2025,1,1
Jill Finley,2025-04-19,Clothing,240.48,10,False,2025,4,5
Amanda Taylor,2025-01-05,Electronics,471.89,3,True,2025,1,6
Ellen Hunt,2025-06-03,Clothing,290.07,1,False,2025,6,1
Bridget Gould,2025-03-13,Electronics,215.33,9,True,2025,3,3
Brandon White,2025-04-26,Electronics,36.19,4,False,2025,4,5
Eric Waters,2025-01-01,Books,227.39,3,False,2025,1,2
Richard Garza,2025-03-05,Clothing,205.4,9,True,2025,3,2
Michael Simmons,2025-04-01,Clothing,345.83,5,False,2025,4,1
Levi Brown,2025-05-09,Books,448.34,8,False,2025,5,4
Jonathan Camacho,2025-05-12,Electronics,67.46,8,True,2025,5,0
Bruce Taylor,2025-05-16,Groceries,429.15,5,False,2025,5,4
Karen Franklin,2025-04-25,Electronics,329.01,9,True,2025,4,4
Brian Hull,2025-02-28,Groceries,294.95,4,True,2025,2,4
Elizabeth Clark,2025-02-28,Clothing,188.17,5,True,2025,2,4
